{"cameraMode":{"drawMode":0,"name":"Shaded","section":"Shading Mode"},"sceneLighting":true,"audioPlay":false,"sceneViewState":{"showFog":true,"showMaterialUpdate":false,"showSkybox":true,"showFlares":true,"showImageEffects":true,"showParticleSystems":true},"in2DMode":false,"pivot":{"x":-0.5128910541534424,"y":-0.7790999412536621,"z":-0.5054330825805664},"rotation":{"x":-0.4406622648239136,"y":0.00455366401001811,"z":-0.002259505447000265,"w":-0.8977270126342773},"size":4.379282474517822,"orthographic":false}