{"cameraMode":{"drawMode":0,"name":"Shaded","section":"Shading Mode"},"sceneLighting":false,"audioPlay":false,"sceneViewState":{"showFog":true,"showMaterialUpdate":false,"showSkybox":false,"showFlares":true,"showImageEffects":true,"showParticleSystems":true},"in2DMode":false,"pivot":{"x":-0.41200000047683718,"y":0.2590000033378601,"z":0.0},"rotation":{"x":-0.4079931378364563,"y":-0.017270829528570176,"z":0.007716955617070198,"w":-0.9128425121307373},"size":0.04809487983584404,"orthographic":false}