{"cameraMode":{"drawMode":0,"name":"Shaded","section":"Shading Mode"},"sceneLighting":true,"audioPlay":false,"sceneViewState":{"showFog":true,"showMaterialUpdate":false,"showSkybox":true,"showFlares":true,"showImageEffects":true,"showParticleSystems":true},"in2DMode":false,"pivot":{"x":-0.49509549140930178,"y":1.9160404205322266,"z":-2.3987691402435304},"rotation":{"x":-0.4121127128601074,"y":0.01529035996645689,"z":-0.006906447932124138,"w":-0.9110459089279175},"size":4.7892656326293949,"orthographic":false}